{
  "properties": {
    "connectionReferences": {
      "shared_office365": {
        "runtimeSource": "embedded",
        "connection": {
          "connectionReferenceLogicalName": "cr303_sharedoffice365_facf2"
        },
        "api": {
          "name": "shared_office365"
        }
      },
      "shared_approvals": {
        "runtimeSource": "embedded",
        "connection": {
          "connectionReferenceLogicalName": "cr303_sharedapprovals_1276a"
        },
        "api": {
          "name": "shared_approvals"
        }
      },
      "shared_commondataserviceforapps": {
        "runtimeSource": "embedded",
        "connection": {
          "connectionReferenceLogicalName": "cr303_sharedcommondataserviceforapps_57eb6"
        },
        "api": {
          "name": "shared_commondataserviceforapps"
        }
      }
    },
    "definition": {
      "$schema": "https://schema.management.azure.com/providers/Microsoft.Logic/schemas/2016-06-01/workflowdefinition.json#",
      "contentVersion": "1.0.0.0",
      "parameters": {
        "$connections": {
          "defaultValue": {},
          "type": "Object"
        },
        "$authentication": {
          "defaultValue": {},
          "type": "SecureObject"
        }
      },
      "staticResults": {
        "Send_an_email_(V2)0": {
          "status": "Succeeded",
          "outputs": {
            "statusCode": "OK",
            "headers": {}
          }
        }
      },
      "triggers": {
        "When_a_row_is_added,_modified_or_deleted": {
          "metadata": {
            "operationMetadataId": "883e0e2f-18a2-47d3-bd28-04a48888c5cd"
          },
          "type": "OpenApiConnectionWebhook",
          "inputs": {
            "host": {
              "connectionName": "shared_commondataserviceforapps",
              "operationId": "SubscribeWebhookTrigger",
              "apiId": "/providers/Microsoft.PowerApps/apis/shared_commondataserviceforapps"
            },
            "parameters": {
              "subscriptionRequest/message": 1,
              "subscriptionRequest/entityname": "cr303_equipmentrequests",
              "subscriptionRequest/scope": 4
            },
            "authentication": "@parameters('$authentication')"
          }
        }
      },
      "actions": {
        "Send_an_email_(V2)": {
          "runAfter": {
            "Compose": [
              "Succeeded"
            ]
          },
          "metadata": {
            "operationMetadataId": "71ac988b-4e98-4268-9274-3d9c76a6d62c"
          },
          "type": "OpenApiConnection",
          "inputs": {
            "host": {
              "connectionName": "shared_office365",
              "operationId": "SendEmailV2",
              "apiId": "/providers/Microsoft.PowerApps/apis/shared_office365"
            },
            "parameters": {
              "emailMessage/To": "ludumo@credencegrp.co.za",
              "emailMessage/Subject": "New equipment request from @{triggerOutputs()?['body/cr303_employeename']}",
              "emailMessage/Body": "<p>Dear Manager,<br>\n<br>\n@{triggerOutputs()?['body/cr303_employeename']} has made an equipment request. Details below:<br>\n<br>\nItem requested: @{outputs('Compose')}<br>\nQuantity requested: @{triggerOutputs()?['body/cr303_quantity']}<br>\n<br>\nBest regards,<br>\nAutomated System</p>",
              "emailMessage/Importance": "Normal"
            },
            "authentication": "@parameters('$authentication')"
          },
          "runtimeConfiguration": {
            "staticResult": {
              "staticResultOptions": "Disabled",
              "name": "Send_an_email_(V2)0"
            }
          }
        },
        "Start_and_wait_for_an_approval": {
          "runAfter": {
            "Send_an_email_(V2)": [
              "Succeeded"
            ]
          },
          "metadata": {
            "operationMetadataId": "0e471797-3c02-457f-9e41-781abf173976"
          },
          "type": "OpenApiConnectionWebhook",
          "inputs": {
            "host": {
              "connectionName": "shared_approvals",
              "operationId": "StartAndWaitForAnApproval",
              "apiId": "/providers/Microsoft.PowerApps/apis/shared_approvals"
            },
            "parameters": {
              "approvalType": "Basic",
              "WebhookApprovalCreationInput/title": "Equipment request: @{outputs('Compose')}",
              "WebhookApprovalCreationInput/assignedTo": "ludumo@exocatalyst.org;",
              "WebhookApprovalCreationInput/enableNotifications": true,
              "WebhookApprovalCreationInput/enableReassignment": true
            },
            "authentication": "@parameters('$authentication')"
          }
        },
        "Condition": {
          "actions": {
            "Apply_to_each": {
              "foreach": "@outputs('Start_and_wait_for_an_approval')?['body/responses']",
              "actions": {
                "Update_a_row_Status_to_Approved": {
                  "runAfter": {},
                  "metadata": {
                    "operationMetadataId": "77d69276-6388-4450-b584-8ea90acedf56"
                  },
                  "type": "OpenApiConnection",
                  "inputs": {
                    "host": {
                      "connectionName": "shared_commondataserviceforapps",
                      "operationId": "UpdateOnlyRecord",
                      "apiId": "/providers/Microsoft.PowerApps/apis/shared_commondataserviceforapps"
                    },
                    "parameters": {
                      "entityName": "cr303_equipmentrequestses",
                      "recordId": "@triggerOutputs()?['body/cr303_equipmentrequestsid']",
                      "item/cr303_approvedby": "@items('Apply_to_each')?['responder/displayName']",
                      "item/cr303_approvedon": "@outputs('Start_and_wait_for_an_approval')?['body/completionDate']",
                      "item/cr303_status": 760850001
                    },
                    "authentication": "@parameters('$authentication')"
                  }
                }
              },
              "runAfter": {},
              "metadata": {
                "operationMetadataId": "7df2f5bc-36a4-42fb-9842-5f1550c44dfe"
              },
              "type": "Foreach"
            }
          },
          "runAfter": {
            "Start_and_wait_for_an_approval": [
              "Succeeded"
            ]
          },
          "else": {
            "actions": {
              "Update_a_row_Status_to_Rejected": {
                "runAfter": {},
                "metadata": {
                  "operationMetadataId": "e98457b8-73f4-478a-8f2e-6e7f207a72d0"
                },
                "type": "OpenApiConnection",
                "inputs": {
                  "host": {
                    "connectionName": "shared_commondataserviceforapps",
                    "operationId": "UpdateOnlyRecord",
                    "apiId": "/providers/Microsoft.PowerApps/apis/shared_commondataserviceforapps"
                  },
                  "parameters": {
                    "entityName": "cr303_equipmentrequestses",
                    "recordId": "@triggerOutputs()?['body/cr303_equipmentrequestsid']",
                    "item/cr303_status": 760850002
                  },
                  "authentication": "@parameters('$authentication')"
                }
              }
            }
          },
          "expression": {
            "and": [
              {
                "equals": [
                  "@outputs('Start_and_wait_for_an_approval')?['body/outcome']",
                  "Approve"
                ]
              }
            ]
          },
          "metadata": {
            "operationMetadataId": "2e0041aa-e373-45e4-a91d-bb22e9c233fd"
          },
          "type": "If"
        },
        "Compose": {
          "runAfter": {
            "Update_a_row_Status_to_Pending": [
              "Succeeded"
            ]
          },
          "metadata": {
            "operationMetadataId": "7616fb40-cb39-490e-bd19-baffe9e86afd"
          },
          "type": "Compose",
          "inputs": "@if(equals(triggerOutputs()?['body/cr303_requesteditem'],760850000), 'Laptop',if(equals(triggerOutputs()?['body/cr303_requesteditem'],760850001), 'Wireless Mouse and Keyboard',if(equals(triggerOutputs()?['body/cr303_requesteditem'],760850002),'Monitor',if(equals(triggerOutputs()?['body/cr303_requesteditem'],760850003),'Mouse',if(equals(triggerOutputs()?['body/cr303_requesteditem'],760850004),'Keyboard','Desk')))))"
        },
        "Update_a_row_Status_to_Pending": {
          "runAfter": {},
          "metadata": {
            "operationMetadataId": "285c9135-d86b-4308-bc37-7c7ad81c63c0"
          },
          "type": "OpenApiConnection",
          "inputs": {
            "host": {
              "connectionName": "shared_commondataserviceforapps",
              "operationId": "UpdateOnlyRecord",
              "apiId": "/providers/Microsoft.PowerApps/apis/shared_commondataserviceforapps"
            },
            "parameters": {
              "entityName": "cr303_equipmentrequestses",
              "recordId": "@triggerOutputs()?['body/cr303_equipmentrequestsid']",
              "item/cr303_status": 760850000
            },
            "authentication": "@parameters('$authentication')"
          }
        }
      }
    },
    "templateName": ""
  },
  "schemaVersion": "1.0.0.0"
}